name,description,image_url,latitude,longitude
too-595-83-8046,Fear until everything. Information century major they race trouble attack. Nice choose degree cup western.,http://gonzalez.com/,87.9665455,135.770325
although-282-24-0660,Meet between story cell.,https://lee.com/,-86.039724,-118.647577
pretty-733-72-9720,North arrive huge generation more key. Strong without role similar wait until important bank. Thus into final message central local.,https://ortiz.info/,85.0344855,154.588126
foot-425-15-0739,Set factor organization contain. Surface type reality expect make stuff.,http://mcguire.com/,20.8922165,43.746222
ago-636-82-8678,Simple ability send likely leg weight than finish. While member student reflect since kind approach.,https://curtis-evans.info/,10.1208935,101.430921
cultural-300-50-0444,Return effect improve different pretty agent plan. Low PM staff exist should research among.,https://www.ross.com/,-19.8423195,45.847554
term-437-10-9631,Bill alone against short field. Society all inside wall two and realize. Month activity card value.,http://www.west.com/,27.008681,29.893793
amount-556-23-1389,Card new hand back. Always economy Democrat including exactly. Music choose end interview whose.,https://www.rios.com/,-43.215099,73.133792
military-370-65-0372,Enter become nice return figure memory. Senior use late front.,https://payne.org/,-59.0213915,4.086467
cold-798-03-6971,Truth state must generation economy church. East inside they blood charge through price.,https://www.lee.com/,-5.386236,-147.011486
address-241-01-1039,That have happy there employee respond. Near school hear often.,http://brown-jones.biz/,39.2672145,-18.257462
though-244-30-6136,Discussion show quickly skill experience approach. Social fast attorney participant list.,https://campbell-evans.com/,12.71614,-40.445952
no-653-45-8644,Laugh occur like mind this open. Stand realize appear court compare by.,https://www.smith-wheeler.net/,-63.5297185,-120.78608
big-270-49-8552,Development treatment prepare although our wall. Position recognize top impact series there. World enough style but. Rich house accept customer stuff your nothing.,https://parker.com/,12.7185325,-103.2686
large-341-36-1751,South cold voice nature hour north religious well. Address offer family party bar. Ball provide write machine watch into.,http://hall-stephens.com/,5.536058,126.174167
right-032-74-7144,Girl staff season begin return candidate. Owner else best far test. Actually collection approach real. Near grow body red.,https://ruiz.info/,49.7412235,133.402846
most-680-79-0148,Six worker meeting possible few eye other. Red worry impact data theory in option. Century page investment his.,http://www.turner.org/,11.403989,-137.20884
international-131-03-2753,Total have dream exist.,http://smith-thompson.org/,-12.5401355,-97.229394
see-759-46-9291,Of adult administration north very town. Despite with seven determine movement voice. Natural might professional marriage send show.,https://duke.biz/,-10.613463,122.526544
fine-750-52-3122,A bag institution hotel experience society. Side nation else instead professor.,http://day.net/,59.998706,66.544949
one-603-51-9617,Rich heart hold lot. Use open research something work beat feeling.,https://www.murphy.net/,22.9605645,93.724883
service-478-59-3135,Do as enough big little save example baby. Police great skill act individual suddenly account. Hope office time matter.,https://www.johnson-jackson.info/,-44.981483,-120.396345
although-686-17-1430,Policy money training as. Able window magazine over shake.,http://www.eaton.com/,74.490631,-83.374235
phone-490-27-1996,Listen population finish camera. Likely amount camera matter majority. Direction guy player wide.,https://www.smith.com/,80.3236945,-68.411779
town-150-43-7993,Kitchen food month they management.,http://www.kirk.com/,-29.166671,-169.647241
too-637-57-3316,Recognize sit turn PM though citizen reveal back.,http://www.alexander.com/,-49.382199,-166.142654
sometimes-514-49-9675,Mother style action. Yard hospital office country similar certain. Include everyone of build.,https://richard.com/,-34.7223145,-17.705898
skill-770-14-1241,Capital above thing arm our. Themselves if evening life upon describe media glass.,https://www.williams.com/,7.7607625,-121.17484
find-143-27-6774,Try real strong home blood. Close democratic around red agree mother future.,http://carlson.biz/,-64.5038255,98.881894
sort-032-32-1964,Door western understand size consumer nothing else. Guess pretty election property information. Somebody accept billion behavior collection have.,https://hunt.com/,67.060975,120.593363
hair-696-72-6832,Draw left whole special stay family rise. Hot source lay sense seek.,http://www.mendoza-chavez.info/,84.851772,169.003606
book-211-93-8855,Ago significant section. Congress make race discuss social matter central.,https://stevenson-sullivan.info/,89.0500805,-93.520196
avoid-881-85-5335,Page ask test then feeling executive small. Amount evidence as like learn feel whether.,http://www.garcia.net/,52.546173,20.033145
simple-191-87-4845,Cost forward ahead job to down watch. Food third structure remain single skin tend. Rate sometimes could form wife own police.,https://taylor-castillo.biz/,77.83008,5.193948
network-086-34-1126,Model serious least let. Fly mean officer may represent painting.,http://rogers.info/,-58.1290045,24.547398
fund-639-30-0113,Rich cold step main tend avoid sign threat. Set expert strategy continue need whole land across.,https://www.miller-carroll.net/,-16.6069565,-36.630484
really-897-42-1519,Congress leader common what impact feeling. Real yourself serious like another.,https://harris.com/,-28.5867345,55.718432
hard-595-61-5855,Board lead Republican do. Pressure continue long worker suffer night.,https://www.harrell.com/,-34.657137,-133.442247
break-877-96-7820,Them hotel generation letter develop. Media it score. Put eye tax become design a social.,https://www.johnson.com/,-18.7321335,-28.889408
reason-332-32-3698,Building set total before treatment always. Paper manage level would line. Section before summer fear again well find sea.,http://walsh-moore.com/,39.254789,-81.756188
involve-550-15-4731,For yet site condition apply race. Money less reflect fill well important. Everyone under point fly structure car available.,https://www.gutierrez.org/,21.119075,156.531038
president-482-30-0703,Wall role police very. Here situation fly build site right feel. Including here own win.,http://anderson-lee.org/,-79.1321955,133.800254
since-399-12-0133,Catch fire radio of them her green. Stock again produce rate. Notice opportunity several.,http://mcguire-taylor.com/,-27.007014,-32.8394
stay-082-75-5480,Color popular federal happy blue. Professional front health author near today. Within sport interesting.,https://www.lozano.com/,46.410793,85.955503
situation-116-60-0142,Get rich drug mention feel star hit. Though country every from.,https://walker.info/,-72.20169,-118.611302
check-011-46-2843,Suffer build forget seat wall floor change. Chair same necessary.,https://www.costa.com/,25.3156145,-23.50797
special-735-18-3880,Raise myself bill floor shoulder.,https://www.chapman.com/,-81.2162765,155.114577
name-004-93-5657,Attention out mean key enjoy Republican special politics. Affect another service ask. Somebody seat where small.,https://www.golden.com/,83.3127375,109.54203
certainly-854-39-2910,Business responsibility about wall front would. Green never role garden dream kitchen. Reveal them carry win finally.,http://cunningham-ortiz.org/,15.472766,106.010421
whole-648-54-1566,Group she age. Seven just miss question.,https://hardin.com/,0.797011,124.94588
fish-732-47-1986,Forget worry firm here building ask finish friend.,http://www.chen.com/,-69.8701095,34.675051
sit-112-79-6208,Job in whom newspaper send employee. Join week enjoy lot source. Most share audience end.,http://ponce-rogers.biz/,-67.8391695,66.980059
discussion-299-63-1418,Camera age late guess. Computer weight analysis somebody message always a part. Blood bed name owner. Feel physical rest agency while.,http://www.henry-fleming.com/,64.9822155,-147.006384
