email,name,password,created_on,last_login
wjones@harmon.com,Dr. Angelica Morrison,5IE)I24s&+,2021-04-05 12:14:50.010294,
hansenjohn@hotmail.com,Karen Alvarez,K1%(h9Mm49,2021-04-05 12:14:50.011790,
davidcook@yahoo.com,Marie Walker,$6@ZZY0w2N,2021-04-05 12:14:50.013190,
angela59@wood.com,Roy Long,%s9tUTx23e,2021-04-05 12:14:50.014748,
ashleylewis@bailey.com,Felicia Graham,4VRusaip*@,2021-04-05 12:14:50.016560,
amora@mata-walters.biz,Alice Smith,e@3WmOJo!n,2021-04-05 12:14:50.018599,
matthewgallagher@rogers.info,Kristen Becker,!%K5%Ba26Z,2021-04-05 12:14:50.020998,
feliciagalloway@grant.com,George Smith,^ba4ObMjf+,2021-04-05 12:14:50.021752,
bryangibson@gmail.com,Michael Schultz,Hrp845Tj3!,2021-04-05 12:14:50.022174,
odomraymond@hotmail.com,David Williams,N76AyExJ^#,2021-04-05 12:14:50.022606,
yroach@yahoo.com,Jennifer Livingston,9t20(ZZsp!,2021-04-05 12:14:50.022963,
jcannon@hotmail.com,Robin Watkins,^5DHQ#yZ+%,2021-04-05 12:14:50.023311,
howellhailey@martin-barker.com,Robert Casey,)ewSYN9f31,2021-04-05 12:14:50.023947,
tiffany29@perry.com,Bryan Hernandez,RH4SoRE!U&,2021-04-05 12:14:50.024373,
nmcintyre@hotmail.com,Donna Fernandez,O3Mk+r!!)0,2021-04-05 12:14:50.024704,
nhenderson@garcia-holt.biz,Cassandra Wong,t!pQ0DSumv,2021-04-05 12:14:50.025240,
mirandabrett@conley.biz,Alexander Griffin,@%hi4Tej^S,2021-04-05 12:14:50.025901,
thomaschen@adams.info,Meredith Lutz,%kLpElN@8%,2021-04-05 12:14:50.026559,
rachel45@hotmail.com,Charles Williamson,jF8K%0y7+b,2021-04-05 12:14:50.026853,
nharding@gonzales.biz,Justin Hernandez,*xKBaVcME8,2021-04-05 12:14:50.027314,
olivia98@gmail.com,Cynthia Gentry,$7nkua(aJe,2021-04-05 12:14:50.027617,
bentleychristina@johnson-bean.net,Elizabeth Myers,%9ir$FaStL,2021-04-05 12:14:50.028202,
vanessa20@brown-powers.org,Regina West,%8yW)xlodG,2021-04-05 12:14:50.028788,
vjones@gordon.com,Gregory Collins,3j7@r9Tq*x,2021-04-05 12:14:50.029398,
summerthomas@yahoo.com,Thomas Rollins,+2KTUeIj!x,2021-04-05 12:14:50.029779,
judithedwards@yahoo.com,Shawna Smith,*6o0Ex8rxX,2021-04-05 12:14:50.030160,
obrienjeffrey@jacobs-jacobson.com,Larry Soto,IN85xCcC^%,2021-04-05 12:14:50.030796,
smithstephanie@gmail.com,Gregory Duffy,^5Spbbti_Y,2021-04-05 12:14:50.031180,
sarahrojas@gmail.com,Michael Bird,O8UDX_rP(x,2021-04-05 12:14:50.031559,
tamaranguyen@hotmail.com,Pamela Duarte,0L%v7Vt*Z!,2021-04-05 12:14:50.031943,
zstevenson@brown-powers.org,Rodney Lane,WQ29pQlg&7,2021-04-05 12:14:50.032455,
hwaters@hotmail.com,Charles Patterson,3)DUi5)@)q,2021-04-05 12:14:50.032767,
ebarajas@gay.com,Amanda James,d0KzF5e)#h,2021-04-05 12:14:50.033376,
akelly@steele.com,Robert Patrick,c@D3oItHNA,2021-04-05 12:14:50.034146,
ibryant@gmail.com,Gregory Allen,C$#4$IKjr%,2021-04-05 12:14:50.034657,
mark90@hotmail.com,Jennifer Butler,tpnf87XTW^,2021-04-05 12:14:50.034966,
pamela35@hotmail.com,Justin Macdonald,O@5Uyv%sOd,2021-04-05 12:14:50.035261,
josethompson@yahoo.com,Katrina Smith,Ohh1CLhea^,2021-04-05 12:14:50.035651,
harrisjohn@rodriguez-young.com,Melissa Smith,1!B6D6qF2L,2021-04-05 12:14:50.036250,
olsonmatthew@santos.biz,Morgan Evans,Ya3%5Z!efp,2021-04-05 12:14:50.036939,
fisheredward@carney.com,Robert Mcdowell,+^L28RmX1Q,2021-04-05 12:14:50.037658,
taylor47@hotmail.com,Alexis Carr,47RQ(kzc)z,2021-04-05 12:14:50.037965,
timothy60@hendricks.org,Kelly Daugherty,$XrG@oVjk3,2021-04-05 12:14:50.038568,
joseph53@gmail.com,Samantha Duncan,$a24Y7Liz^,2021-04-05 12:14:50.038872,
ralph40@murillo-hall.com,Jesse Trujillo,*C87vNrZnD,2021-04-05 12:14:50.039385,
claudia29@hotmail.com,Mario Norton,J^t47A1xfW,2021-04-05 12:14:50.039678,
alicia39@valenzuela.biz,Jason Cowan,!yiFQcV4x6,2021-04-05 12:14:50.040090,
elizabeth90@yahoo.com,Lori Taylor,e5$G9&Yi#c,2021-04-05 12:14:50.040384,
tweaver@gmail.com,Jennifer Braun,$r4TG^eDF+,2021-04-05 12:14:50.040739,
dreeves@taylor.com,Holly Curry,*8RGNh9J#K,2021-04-05 12:14:50.041341,
